Matchup,Best Strategy for abbasid_dynasty,Best Strategy for ayyubids,Best Strategy for byzantines,Best Strategy for chinese,Best Strategy for delhi_sultanate,Best Strategy for english,Best Strategy for french,Best Strategy for holy_roman_empire,Best Strategy for japanese,Best Strategy for jeanne_darc,Best Strategy for malians,Best Strategy for mongols,Best Strategy for order_of_the_dragon,Best Strategy for ottomans,Best Strategy for rus,Best Strategy for zhu_xis_legacy
"abbasid_dynasty vs abbasid_dynasty","Fast feudal, 2 TC boom + camel archers (watch for camel rush; if no rush, tech to castle)",,,,,,,,,,,,,,"Fast feudal, 2 TC boom + camel archers (watch for camel rush; if no rush, tech to castle)",
"abbasid_dynasty vs ayyubids","Fast feudal, camel archers + spears (watch for horsemen raids; if no horsemen, 2 TC boom)",,"Rush horsemen, harass eco (watch for camels; if no camels, mass cavalry + siege)",,,,,,,,,,,,,
"abbasid_dynasty vs byzantines","2 TC boom, camels to counter cavalry (watch for olive oil cavalry; if no rush, add siege)",,,"Fast feudal, olive oil + cavalry rush (watch for camels; if no boom, mass cavalry)",,,,,,,,,,,
"abbasid_dynasty vs chinese","Fast feudal, camel archers + boom (watch for Nest of Bees; if no scouts, 2 TC + spears)",,,,"Dark Age scouts, Nest of Bees rush (watch for camels; if no rush, fast feudal + archers)",,,,,,,,,,
"abbasid_dynasty vs delhi_sultanate","Rush camel archers, deny scholars (watch for elephants; if no elephants, 2 TC + siege)",,,,,"Fast feudal, elephant + scholar push (watch for camels; if no rush, fast castle)",,,,,,,,
"abbasid_dynasty vs english","Fast feudal, camel archers + spears (watch for longbowmen; if no longbows, 2 TC + knights)",,,,,,"Mass longbowmen, council hall rush (watch for camels; if no rush, turtle + boom)",,,,,,,
"abbasid_dynasty vs french","Camel archers + spears, deny trade (watch for knights; if no knights, 2 TC + archers)",,,,,,,"Fast knights, trade boom (watch for camels; if no rush, fast castle + trade)",,,,,,
"abbasid_dynasty vs holy_roman_empire","Rush camel archers, deny relics (watch for infantry rush; if no relics, 2 TC + siege)",,,,,,,,"Fast infantry, relic grab + boom (watch for camels; if no rush, boom + infantry)",,,,,
"abbasid_dynasty vs japanese","2 TC boom, camels to counter samurai (watch for samurai rush; if no samurai, rush archers)",,,,,,,,,"Fast samurai, shrine eco (watch for camels; if no boom, mass samurai + archers)",,,,
"abbasid_dynasty vs jeanne_darc","Rush camel archers, disrupt eco (watch for knights/conversions; if no knights, 2 TC + monks)",,,,,,,,,,"Fast knights, convert enemy units (watch for camels; if no rush, convert + boom)",,,
"abbasid_dynasty vs malians","2 TC boom, camel archers + spears (watch for Musofadi rush; if no rush, tech to castle)",,,,,,,,,,,"Rush Musofadi, cattle boom (watch for camels; if no boom, mass infantry + cattle)",,
"abbasid_dynasty vs mongols","Rush camel archers, deny trade (watch for Mangudai; if no Mangudai, 2 TC + cavalry)",,,,,,,,,,,,"Mangudai rush, secure trade (watch for camels; if no rush, trade + cavalry)",
"abbasid_dynasty vs order_of_the_dragon","Camel archers + spears, counter knights (watch for knights/siege; if no knights, 2 TC + siege)",,,,,,,,,,,,,"Fast knights, siege tech (watch for camels; if no rush, siege + boom)",
"abbasid_dynasty vs ottomans","Rush camel archers, deny military schools (watch for horsemen/Janissaries; if no schools, 2 TC + siege)",,,,,,,,,,,,,,"Rush horsemen, Janissary tech (watch for camels; if no rush, fast castle + Janissaries)",
"abbasid_dynasty vs rus","2 TC boom, camels to counter horse archers (watch for horse archers; if no archers, rush camels + siege)",,,,,,,,,,,,,,,"Horse archer rush, hunt eco (watch for camels; if no boom, hunt + archers)",
"abbasid_dynasty vs zhu_xis_legacy","Fast feudal, camel archers + boom (watch for cavalry rush; if no rush, 2 TC + spears)",,,,,,,,,,,,,,,,"Rush cavalry, dynasty boom (watch for camels; if no rush, dynasty + siege)"
"ayyubids vs abbasid_dynasty",,"Rush horsemen, harass eco (watch for camels; if no boom, mass cavalry + archers)","Fast feudal, camel archers + spears (watch for horsemen; if no horsemen, 2 TC + archers)",,,,,,,,,,,,,
"ayyubids vs ayyubids",,"Rush horsemen, harass eco (watch for horsemen; if no rush, mass cavalry + siege)",,"Rush horsemen, harass eco (watch for horsemen; if no rush, mass cavalry + siege)",,,,,,,,,,,,
"ayyubids vs byzantines",,"Rush horsemen, deny olive oil (watch for cavalry; if no cavalry, mass horsemen + siege)",,,"Fast feudal, olive oil + cavalry rush (watch for horsemen; if no rush, mass cavalry)",,,,,,,,,,,
"ayyubids vs chinese",,"Rush horsemen, kill scouts (watch for Nest of Bees; if no scouts, mass cavalry + archers)",,,,"Dark Age scouts, Nest of Bees rush (watch for horsemen; if no rush, fast feudal + siege)",,,,,,,,,,
"ayyubids vs delhi_sultanate",,"Rush horsemen, deny scholars (watch for elephants; if no elephants, mass horsemen + siege)",,,,,"Fast feudal, elephant + scholar push (watch for horsemen; if no rush, fast castle)",,,,,,,,
"ayyubids vs english",,"Rush horsemen, harass farms (watch for longbowmen; if no longbows, mass cavalry + knights)",,,,,,"Mass longbowmen, council hall rush (watch for horsemen; if no rush, turtle + boom)",,,,,,,
"ayyubids vs french",,"Rush horsemen, deny trade (watch for knights; if no knights, mass horsemen + archers)",,,,,,,"Fast knights, trade boom (watch for horsemen; if no rush, fast castle + trade)",,,,,,
"ayyubids vs holy_roman_empire",,"Rush horsemen, deny relics (watch for infantry rush; if no relics, mass horsemen + siege)",,,,,,,,"Fast infantry, relic grab + boom (watch for horsemen; if no rush, boom + infantry)",,,,,
"ayyubids vs japanese",,"Rush horsemen, counter samurai (watch for samurai; if no samurai, mass horsemen + archers)",,,,,,,,,"Fast samurai, shrine eco (watch for horsemen; if no rush, mass samurai + siege)",,,,
"ayyubids vs jeanne_darc",,"Rush horsemen, disrupt eco (watch for knights/conversions; if no knights, mass horsemen + monks)",,,,,,,,,,"Fast knights, convert enemy units (watch for horsemen; if no rush, convert + boom)",,,
"ayyubids vs malians",,"Rush horsemen, kill cattle (watch for Musofadi; if no rush, mass horsemen + siege)",,,,,,,,,,,"Rush Musofadi, cattle boom (watch for horsemen; if no rush, mass infantry + cattle)",,
"ayyubids vs mongols",,"Rush horsemen, deny trade (watch for Mangudai; if no Mangudai, mass horsemen + cavalry)",,,,,,,,,,,,"Mangudai rush, secure trade (watch for horsemen; if no rush, trade + cavalry)",
"ayyubids vs order_of_the_dragon",,"Rush horsemen, counter knights (watch for knights/siege; if no knights, mass horsemen + siege)",,,,,,,,,,,,,"Fast knights, siege tech (watch for horsemen; if no rush, siege + boom)",
"ayyubids vs ottomans",,"Rush horsemen, deny military schools (watch for horsemen/Janissaries; if no schools, mass horsemen + siege)",,,,,,,,,,,,,,"Rush horsemen, Janissary tech (watch for horsemen; if no rush, fast castle + Janissaries)",
"ayyubids vs rus",,"Rush horsemen, kill hunters (watch for horse archers; if no archers, mass horsemen + siege)",,,,,,,,,,,,,,,"Horse archer rush, hunt eco (watch for horsemen; if no rush, hunt + archers)",
"ayyubids vs zhu_xis_legacy",,"Rush horsemen, harass eco (watch for cavalry rush; if no rush, mass horsemen + archers)",,,,,,,,,,,,,,,,"Rush cavalry, dynasty boom (watch for horsemen; if no rush, dynasty + siege)"
"byzantines vs abbasid_dynasty",,,"Fast feudal, olive oil + cavalry rush (watch for camels; if no boom, mass cavalry + archers)","Fast feudal, camel archers + spears (watch for cavalry; if no cavalry, 2 TC + siege)",,,,,,,,,,,,,
"byzantines vs ayyubids",,,"Fast feudal, olive oil + cavalry rush (watch for horsemen; if no horsemen, cavalry + archers)",,"Rush horsemen, harass eco (watch for cavalry; if no cavalry, mass horsemen + siege)",,,,,,,,,,,,
"byzantines vs byzantines",,,"Fast feudal, olive oil + cavalry rush (watch for cavalry; if no rush, cistern boom + archers)",,,"Fast feudal, olive oil + cavalry rush (watch for cavalry; if no rush, cistern boom + archers)",,,,,,,,,,,
"byzantines vs chinese",,,"Fast feudal, cavalry + cistern boom (watch for Nest of Bees; if no scouts, cavalry + siege)",,,,"Dark Age scouts, Nest of Bees rush (watch for cavalry; if no boom, fast feudal + archers)",,,,,,,,,,
"byzantines vs delhi_sultanate",,,"Rush cavalry, deny scholars (watch for elephants; if no elephants, mass cavalry + siege)",,,,,"Fast feudal, elephant + scholar push (watch for cavalry; if no rush, fast castle)",,,,,,,,
"byzantines vs english",,,"Rush cavalry, harass farms (watch for longbowmen; if no longbows, cavalry + knights)",,,,,,"Mass longbowmen, council hall rush (watch for cavalry; if no rush, turtle + boom)",,,,,,,
"byzantines vs french",,,"Rush cavalry, deny trade (watch for knights; if no knights, cistern boom + archers)",,,,,,,"Fast knights, trade boom (watch for cavalry; if no rush, fast castle + trade)",,,,,,
"byzantines vs holy_roman_empire",,,"Rush cavalry, deny relics (watch for infantry rush; if no relics, cavalry + siege)",,,,,,,,"Fast infantry, relic grab + boom (watch for cavalry; if no rush, boom + infantry)",,,,,
"byzantines vs japanese",,,"Rush cavalry, counter samurai (watch for samurai; if no samurai, cistern boom + archers)",,,,,,,,,"Fast samurai, shrine eco (watch for cavalry; if no rush, mass samurai + siege)",,,,
"byzantines vs jeanne_darc",,,"Rush cavalry, disrupt eco (watch for knights/conversions; if no knights, cavalry + monks)",,,,,,,,,,"Fast knights, convert enemy units (watch for cavalry; if no rush, convert + boom)",,,
"byzantines vs malians",,,"Cistern boom, counter infantry (watch for Musofadi; if no rush, cavalry + siege)",,,,,,,,,,,"Rush Musofadi, cattle boom (watch for cavalry; if no boom, mass infantry + cattle)",,
"byzantines vs mongols",,,"Rush cavalry, deny trade (watch for Mangudai; if no Mangudai, cistern boom + cavalry)",,,,,,,,,,,,"Mangudai rush, secure trade (watch for cavalry; if no rush, trade + cavalry)",
"byzantines vs order_of_the_dragon",,,"Rush cavalry, counter knights (watch for knights/siege; if no knights, cavalry + siege)",,,,,,,,,,,,,"Fast knights, siege tech (watch for cavalry; if no rush, siege + boom)",
"byzantines vs ottomans",,,"Rush cavalry, deny military schools (watch for horsemen/Janissaries; if no schools, cavalry + siege)",,,,,,,,,,,,,,"Rush horsemen, Janissary tech (watch for cavalry; if no rush, fast castle + Janissaries)",
"byzantines vs rus",,,"Cistern boom, counter archers (watch for horse archers; if no archers, cavalry + siege)",,,,,,,,,,,,,,,"Horse archer rush, hunt eco (watch for cavalry; if no boom, hunt + archers)",
"byzantines vs zhu_xis_legacy",,,"Rush cavalry, harass eco (watch for cavalry rush; if no rush, cistern boom + archers)",,,,,,,,,,,,,,,,"Rush cavalry, dynasty boom (watch for cavalry; if no rush, dynasty + siege)"
"chinese vs abbasid_dynasty",,,,"Dark Age scouts, Nest of Bees rush (watch for camels; if no boom, fast feudal + archers)","Fast feudal, camel archers + boom (watch for Nest of Bees; if no scouts, 2 TC + spears)",,,,,,,,,,,,,
"chinese vs ayyubids",,,,"Dark Age scouts, Nest of Bees rush (watch for horsemen; if no horsemen, fast feudal + siege)",,"Rush horsemen, kill scouts (watch for Nest of Bees; if no scouts, mass cavalry + archers)",,,,,,,,,,,,
"chinese vs byzantines",,,,"Dark Age scouts, Nest of Bees rush (watch for cavalry; if no boom, fast feudal + archers)",,,"Fast feudal, cavalry + cistern boom (watch for Nest of Bees; if no scouts, cavalry + siege)",,,,,,,,,,,
"chinese vs chinese",,,,"Dark Age scouts, Nest of Bees rush (watch for Nest of Bees; if no rush, fast feudal + archers)",,,,"Dark Age scouts, Nest of Bees rush (watch for Nest of Bees; if no rush, fast feudal + archers)",,,,,,,,,,
"chinese vs delhi_sultanate",,,,"Dark Age scouts, Nest of Bees rush (watch for elephants; if no elephants, fast feudal + siege)",,,,,"Fast feudal, elephant + scholar push (watch for Nest of Bees; if no rush, fast castle)",,,,,,,,
"chinese vs english",,,,"Fast feudal, archers + Nest of Bees (watch for longbowmen; if no longbows, fast feudal + knights)",,,,,,"Mass longbowmen, council hall rush (watch for Nest of Bees; if no rush, turtle + boom)",,,,,,,
"chinese vs french",,,,"Fast feudal, Nest of Bees + spears (watch for knights; if no knights, fast feudal + archers)",,,,,,,"Fast knights, trade boom (watch for Nest of Bees; if no rush, fast castle + trade)",,,,,,
"chinese vs holy_roman_empire",,,,"Rush scouts, deny relics (watch for infantry rush; if no relics, fast feudal + siege)",,,,,,,,"Fast infantry, relic grab + boom (watch for Nest of Bees; if no rush, boom + infantry)",,,,,
"chinese vs japanese",,,,"Fast feudal, Nest of Bees rush (watch for samurai; if no samurai, fast feudal + archers)",,,,,,,,,"Fast samurai, shrine eco (watch for Nest of Bees; if no rush, mass samurai + siege)",,,,
"chinese vs jeanne_darc",,,,"Rush scouts, harass eco (watch for knights/conversions; if no knights, fast feudal + monks)",,,,,,,,,,"Fast knights, convert enemy units (watch for Nest of Bees; if no rush, convert + boom)",,,
"chinese vs malians",,,,"Fast feudal, Nest of Bees + boom (watch for Musofadi; if no rush, fast feudal + siege)",,,,,,,,,,,"Rush Musofadi, cattle boom (watch for Nest of Bees; if no rush, mass infantry + cattle)",,
"chinese vs mongols",,,,"Rush scouts, deny trade (watch for Mangudai; if no Mangudai, fast feudal + cavalry)",,,,,,,,,,,,"Mangudai rush, secure trade (watch for Nest of Bees; if no rush, trade + cavalry)",
"chinese vs order_of_the_dragon",,,,"Fast feudal, Nest of Bees + spears (watch for knights/siege; if no knights, fast feudal + siege)",,,,,,,,,,,,,"Fast knights, siege tech (watch for Nest of Bees; if no rush, siege + boom)",
"chinese vs ottomans",,,,"Rush scouts, deny military schools (watch for horsemen/Janissaries; if no schools, fast feudal + siege)",,,,,,,,,,,,,,"Rush horsemen, Janissary tech (watch for Nest of Bees; if no rush, fast castle + Janissaries)",
"chinese vs rus",,,,"Fast feudal, Nest of Bees + boom (watch for horse archers; if no archers, fast feudal + siege)",,,,,,,,,,,,,,,"Horse archer rush, hunt eco (watch for Nest of Bees; if no rush, hunt + archers)",
"chinese vs zhu_xis_legacy",,,,"Rush scouts, harass eco (watch for cavalry rush; if no rush, fast feudal + archers)",,,,,,,,,,,,,,,,"Rush cavalry, dynasty boom (watch for Nest of Bees; if no rush, dynasty + siege)"
"delhi_sultanate vs abbasid_dynasty",,,,,"Fast feudal, elephant + scholar push (watch for camels; if no boom, fast castle)","Rush camel archers, deny scholars (watch for elephants; if no elephants, 2 TC + siege)",,,,,,,,,,,,,
"delhi_sultanate vs ayyubids",,,,,"Fast feudal, elephant + scholar push (watch for horsemen; if no horsemen, fast castle)",,"Rush horsemen, deny scholars (watch for elephants; if no elephants, mass horsemen + siege)",,,,,,,,,,,,
"delhi_sultanate vs byzantines",,,,,"Fast feudal, elephant + scholar push (watch for cavalry; if no cavalry, fast castle)",,,"Rush cavalry, deny scholars (watch for elephants; if no elephants, mass cavalry + siege)",,,,,,,,,,,
"delhi_sultanate vs chinese",,,,,"Fast feudal, elephant + scholar push (watch for Nest of Bees; if no scouts, fast castle)",,,,"Dark Age scouts, Nest of Bees rush (watch for elephants; if no elephants, fast feudal + siege)",,,,,,,,,,
"delhi_sultanate vs delhi_sultanate",,,,,"Fast feudal, elephant + scholar push (watch for elephants; if no elephants, fast castle + siege)",,,,,"Fast feudal, elephant + scholar push (watch for elephants; if no elephants, fast castle + siege)",,,,,,,,
"delhi_sultanate vs english",,,,,"Elephant rush, deny farms (watch for longbowmen; if no longbows, fast castle + knights)",,,,,,"Mass longbowmen, council hall rush (watch for elephants; if no rush, turtle + boom)",,,,,,,
"delhi_sultanate vs french",,,,,"Fast feudal, elephants + spears (watch for knights; if no knights, fast castle)",,,,,,,"Fast knights, trade boom (watch for elephants; if no rush, fast castle + trade)",,,,,,
"delhi_sultanate vs holy_roman_empire",,,,,"Scholar push, deny relics (watch for infantry rush; if no relics, fast castle + siege)",,,,,,,,"Fast infantry, relic grab + boom (watch for elephants; if no rush, boom + infantry)",,,,,
"delhi_sultanate vs japanese",,,,,"Elephant rush, harass eco (watch for samurai; if no samurai, fast castle)",,,,,,,,,"Fast samurai, shrine eco (watch for elephants; if no rush, mass samurai + siege)",,,,
"delhi_sultanate vs jeanne_darc",,,,,"Fast feudal, elephant push (watch for knights/conversions; if no knights, fast castle + monks)",,,,,,,,,,"Fast knights, convert enemy units (watch for elephants; if no rush, convert + boom)",,,
"delhi_sultanate vs malians",,,,,"Elephant rush, deny cattle (watch for Musofadi; if no rush, fast castle + siege)",,,,,,,,,,,"Rush Musofadi, cattle boom (watch for elephants; if no rush, mass infantry + cattle)",,
"delhi_sultanate vs mongols",,,,,"Fast feudal, elephants + archers (watch for Mangudai; if no Mangudai, fast castle + cavalry)",,,,,,,,,,,,"Mangudai rush, secure trade (watch for elephants; if no rush, trade + cavalry)",
"delhi_sultanate vs order_of_the_dragon",,,,,"Elephant rush, counter knights (watch for knights/siege; if no knights, fast castle + siege)",,,,,,,,,,,,,"Fast knights, siege tech (watch for elephants; if no rush, siege + boom)",
"delhi_sultanate vs ottomans",,,,,"Fast feudal, elephants + spears (watch for horsemen/Janissaries; if no schools, fast castle)",,,,,,,,,,,,,,"Rush horsemen, Janissary tech (watch for elephants; if no rush, fast castle + Janissaries)",
"delhi_sultanate vs rus",,,,,"Elephant rush, deny hunters (watch for horse archers; if no archers, fast castle + siege)",,,,,,,,,,,,,,,"Horse archer rush, hunt eco (watch for elephants; if no rush, hunt + archers)",
"delhi_sultanate vs zhu_xis_legacy",,,,,"Fast feudal, elephant push (watch for cavalry rush; if no rush, fast castle)",,,,,,,,,,,,,,,,"Rush cavalry, dynasty boom (watch for elephants; if no rush, dynasty + siege)"
"english vs abbasid_dynasty",,,,,,"Mass longbowmen, council hall rush (watch for camels; if no boom, longbows + knights)","Fast feudal, camel archers + spears (watch for longbowmen; if no longbows, 2 TC + siege)",,,,,,,,,,,,,
"english vs ayyubids",,,,,,"Mass longbowmen, council hall rush (watch for horsemen; if no horsemen, longbows + knights)",,"Rush horsemen, harass farms (watch for longbowmen; if no longbows, mass cavalry + siege)",,,,,,,,,,,,
"english vs byzantines",,,,,,"Mass longbowmen, council hall rush (watch for cavalry; if no cavalry, longbows + knights)",,,"Rush cavalry, harass farms (watch for longbowmen; if no longbows, mass cavalry + siege)",,,,,,,,,,,
"english vs chinese",,,,,,"Fast feudal, archers + Nest of Bees (watch for Nest of Bees; if no scouts, longbows + knights)",,,,"Dark Age scouts, Nest of Bees rush (watch for longbowmen; if no longbows, fast feudal + siege)",,,,,,,,,,
"english vs delhi_sultanate",,,,,,"Mass longbowmen, spears + towers (watch for elephants; if no elephants, longbows + knights)",,,,,"Elephant rush, deny farms (watch for longbowmen; if no longbows, fast castle + siege)",,,,,,,,
"english vs english",,,,,,"Mass longbowmen, council hall rush (watch for longbowmen; if no longbows, turtle + knights)",,,,,,"Mass longbowmen, council hall rush (watch for longbowmen; if no longbows, turtle + knights)",,,,,,,
"english vs french",,,,,,"Longbowmen + spears, deny trade (watch for knights; if no knights, longbows + archers)",,,,,,,"Fast knights, trade boom (watch for longbowmen; if no longbows, fast castle + trade)",,,,,,
"english vs holy_roman_empire",,,,,,"Longbowmen rush, deny relics (watch for infantry rush; if no relics, longbows + knights)",,,,,,,,"Fast infantry, relic grab + boom (watch for longbowmen; if no longbows, boom + infantry)",,,,,
"english vs japanese",,,,,,"Mass longbowmen, turtle + boom (watch for samurai; if no samurai, longbows + knights)",,,,,,,,,"Fast samurai, shrine eco (watch for longbowmen; if no longbows, mass samurai + siege)",,,,
"english vs jeanne_darc",,,,,,"Longbowmen + towers, harass eco (watch for knights/conversions; if no knights, longbows + monks)",,,,,,,,,,"Fast knights, convert enemy units (watch for longbowmen; if no longbows, convert + boom)",,,
"english vs malians",,,,,,"Mass longbowmen, deny cattle (watch for Musofadi; if no rush, longbows + knights)",,,,,,,,,,,"Rush Musofadi, cattle boom (watch for longbowmen; if no longbows, mass infantry + cattle)",,
"english vs mongols",,,,,,"Longbowmen + spears, deny trade (watch for Mangudai; if no Mangudai, longbows + cavalry)",,,,,,,,,,,,"Mangudai rush, secure trade (watch for longbowmen; if no longbows, trade + cavalry)",
"english vs order_of_the_dragon",,,,,,"Longbowmen + spears, turtle (watch for knights/siege; if no knights, longbows + siege)",,,,,,,,,,,,,"Fast knights, siege tech (watch for longbowmen; if no longbows, siege + boom)",
"english vs ottomans",,,,,,"Mass longbowmen, turtle + boom (watch for horsemen/Janissaries; if no schools, longbows + knights)",,,,,,,,,,,,,,"Rush horsemen, Janissary tech (watch for longbowmen; if no longbows, fast castle + Janissaries)",
"english vs rus",,,,,,"Longbowmen + towers, deny hunters (watch for horse archers; if no archers, longbows + knights)",,,,,,,,,,,,,,,"Horse archer rush, hunt eco (watch for longbowmen; if no longbows, hunt + archers)",
"english vs zhu_xis_legacy",,,,,,"Mass longbowmen, harass eco (watch for cavalry rush; if no rush, longbows + knights)",,,,,,,,,,,,,,,,"Rush cavalry, dynasty boom (watch for longbowmen; if no longbows, dynasty + siege)"
"french vs abbasid_dynasty",,,,,,,"Fast knights, trade boom (watch for camels; if no boom, knights + siege)","Camel archers + spears, deny trade (watch for knights; if no knights, 2 TC + archers)",,,,,,,,,,,,,
"french vs ayyubids",,,,,,,"Fast knights, trade boom (watch for horsemen; if no horsemen, knights + siege)",,"Rush horsemen, deny trade (watch for knights; if no knights, mass horsemen + archers)",,,,,,,,,,,,
"french vs byzantines",,,,,,,"Fast knights, trade boom (watch for cavalry; if no cavalry, knights + siege)",,,"Rush cavalry, deny trade (watch for knights; if no knights, cistern boom + archers)",,,,,,,,,,,
"french vs chinese",,,,,,,"Fast knights, trade boom (watch for Nest of Bees; if no scouts, knights + siege)",,,,"Fast feudal, Nest of Bees + spears (watch for knights; if no knights, fast feudal + archers)",,,,,,,,,,
"french vs delhi_sultanate",,,,,,,"Fast knights, counter elephants (watch for elephants; if no elephants, knights + siege)",,,,,"Fast feudal, elephants + spears (watch for knights; if no knights, fast castle)",,,,,,,,
"french vs english",,,,,,,"Fast knights, harass farms (watch for longbowmen; if no longbows, knights + trade)",,,,,,"Longbowmen + spears, deny trade (watch for knights; if no knights, turtle + archers)",,,,,,,
"french vs french",,,,,,,"Fast knights, trade boom (watch for knights; if no knights, fast castle + trade)",,,,,,,"Fast knights, trade boom (watch for knights; if no knights, fast castle + trade)",,,,,,
"french vs holy_roman_empire",,,,,,,"Fast knights, deny relics (watch for infantry rush; if no relics, knights + siege)",,,,,,,,"Fast infantry, relic grab + boom (watch for knights; if no knights, boom + infantry)",,,,,
"french vs japanese",,,,,,,"Fast knights, harass eco (watch for samurai; if no samurai, knights + trade)",,,,,,,,,"Fast samurai, shrine eco (watch for knights; if no knights, mass samurai + siege)",,,,
"french vs jeanne_darc",,,,,,,"Fast knights, trade boom (watch for knights/conversions; if no knights, knights + monks)",,,,,,,,,,"Fast knights, convert enemy units (watch for knights; if no knights, convert + boom)",,,
"french vs malians",,,,,,,"Fast knights, deny cattle (watch for Musofadi; if no rush, knights + siege)",,,,,,,,,,,"Rush Musofadi, cattle boom (watch for knights; if no knights, mass infantry + cattle)",,
"french vs mongols",,,,,,,"Fast knights, deny trade (watch for Mangudai; if no Mangudai, knights + cavalry)",,,,,,,,,,,,"Mangudai rush, secure trade (watch for knights; if no knights, trade + cavalry)",
"french vs order_of_the_dragon",,,,,,,"Fast knights, trade + spears (watch for knights/siege; if no knights, knights + siege)",,,,,,,,,,,,,"Fast knights, siege tech (watch for knights; if no knights, siege + boom)",
"french vs ottomans",,,,,,,"Fast knights, counter horsemen (watch for horsemen/Janissaries; if no schools, knights + trade)",,,,,,,,,,,,,,"Rush horsemen, Janissary tech (watch for knights; if no knights, fast castle + Janissaries)",
"french vs rus",,,,,,,"Fast knights, harass hunters (watch for horse archers; if no archers, knights + siege)",,,,,,,,,,,,,,,"Horse archer rush, hunt eco (watch for knights; if no knights, hunt + archers)",
"french vs zhu_xis_legacy",,,,,,,"Fast knights, trade boom (watch for cavalry rush; if no rush, knights + trade)",,,,,,,,,,,,,,,,"Rush cavalry, dynasty boom (watch for knights; if no knights, dynasty + siege)"
"holy_roman_empire vs abbasid_dynasty",,,,,,,,"Fast infantry, relic grab + boom (watch for camels; if no boom, infantry + siege)","Rush camel archers, deny relics (watch for infantry; if no relics, 2 TC + archers)",,,,,,,,,,,,,
"holy_roman_empire vs ayyubids",,,,,,,,"Fast infantry, relic grab + boom (watch for horsemen; if no horsemen, infantry + siege)",,"Rush horsemen, deny relics (watch for infantry; if no relics, mass horsemen + archers)",,,,,,,,,,,,
"holy_roman_empire vs byzantines",,,,,,,,"Fast infantry, relic grab + boom (watch for cavalry; if no cavalry, infantry + siege)",,,"Rush cavalry, deny relics (watch for infantry; if no relics, cistern boom + archers)",,,,,,,,,,,
"holy_roman_empire vs chinese",,,,,,,,"Fast infantry, relic grab + boom (watch for Nest of Bees; if no scouts, infantry + siege)",,,,"Rush scouts, deny relics (watch for infantry; if no relics, fast feudal + archers)",,,,,,,,,,
"holy_roman_empire vs delhi_sultanate",,,,,,,,"Infantry + spears, counter elephants (watch for elephants; if no elephants, infantry + siege)",,,,,"Scholar push, deny relics (watch for infantry; if no relics, fast castle + elephants)",,,,,,,,
"holy_roman_empire vs english",,,,,,,,"Fast infantry, relic grab + boom (watch for longbowmen; if no longbows, infantry + knights)",,,,,,"Longbowmen rush, deny relics (watch for infantry; if no relics, turtle + boom)",,,,,,,
"holy_roman_empire vs french",,,,,,,,"Infantry + spears, deny trade (watch for knights; if no knights, infantry + siege)",,,,,,,"Fast knights, deny relics (watch for infantry; if no knights, fast castle + trade)",,,,,,
"holy_roman_empire vs holy_roman_empire",,,,,,,,"Fast infantry, relic grab + boom (watch for infantry; if no relics, boom + infantry)",,,,,,,,"Fast infantry, relic grab + boom (watch for infantry; if no relics, boom + infantry)",,,,,
"holy_roman_empire vs japanese",,,,,,,,"Infantry rush, deny shrines (watch for samurai; if no samurai, infantry + siege)",,,,,,,,,"Fast samurai, shrine eco (watch for infantry; if no relics, mass samurai + siege)",,,,
"holy_roman_empire vs jeanne_darc",,,,,,,,"Infantry + boom, deny conversions (watch for knights/conversions; if no knights, infantry + monks)",,,,,,,,,,"Fast knights, convert enemy units (watch for infantry; if no relics, convert + boom)",,,
"holy_roman_empire vs malians",,,,,,,,"Infantry rush, deny cattle (watch for Musofadi; if no rush, infantry + siege)",,,,,,,,,,,"Rush Musofadi, cattle boom (watch for infantry; if no relics, mass infantry + cattle)",,
"holy_roman_empire vs mongols",,,,,,,,"Infantry + spears, deny trade (watch for Mangudai; if no Mangudai, infantry + cavalry)",,,,,,,,,,,,"Mangudai rush, secure trade (watch for infantry; if no relics, trade + cavalry)",
"holy_roman_empire vs order_of_the_dragon",,,,,,,,"Infantry + spears, counter knights (watch for knights/siege; if no knights, infantry + siege)",,,,,,,,,,,,,"Fast knights, siege tech (watch for infantry; if no relics, siege + boom)",
"holy_roman_empire vs ottomans",,,,,,,,"Infantry rush, deny military schools (watch for horsemen/Janissaries; if no schools, infantry + siege)",,,,,,,,,,,,,,"Rush horsemen, Janissary tech (watch for infantry; if no relics, fast castle + Janissaries)",
"holy_roman_empire vs rus",,,,,,,,"Infantry + boom, counter archers (watch for horse archers; if no archers, infantry + siege)",,,,,,,,,,,,,,,"Horse archer rush, hunt eco (watch for infantry; if no relics, hunt + archers)",
"holy_roman_empire vs zhu_xis_legacy",,,,,,,,"Infantry rush, harass eco (watch for cavalry rush; if no rush, infantry + siege)",,,,,,,,,,,,,,,,"Rush cavalry, dynasty boom (watch for infantry; if no relics, dynasty + siege)"
"japanese vs abbasid_dynasty",,,,,,,,,"Fast samurai, shrine eco (watch for camels; if no boom, mass samurai + archers)","2 TC boom, camels to counter samurai (watch for samurai; if no samurai, rush archers + siege)",,,,,,,,,,,,,
"japanese vs ayyubids",,,,,,,,,"Fast samurai, shrine eco (watch for horsemen; if no horsemen, mass samurai + siege)",,"Rush horsemen, counter samurai (watch for samurai; if no samurai, mass horsemen + archers)",,,,,,,,,,,,
"japanese vs byzantines",,,,,,,,,"Fast samurai, shrine eco (watch for cavalry; if no cavalry, mass samurai + siege)",,,"Rush cavalry, counter samurai (watch for samurai; if no samurai, cistern boom + archers)",,,,,,,,,,,
"japanese vs chinese",,,,,,,,,"Fast samurai, shrine eco (watch for Nest of Bees; if no scouts, mass samurai + archers)",,,,"Fast feudal, Nest of Bees rush (watch for samurai; if no samurai, fast feudal + siege)",,,,,,,,,,
"japanese vs delhi_sultanate",,,,,,,,,"Fast samurai, counter elephants (watch for elephants; if no elephants, mass samurai + siege)",,,,,"Elephant rush, harass eco (watch for samurai; if no samurai, fast castle + elephants)",,,,,,,,
"japanese vs english",,,,,,,,,"Fast samurai, harass farms (watch for longbowmen; if no longbows, mass samurai + knights)",,,,,,"Mass longbowmen, turtle + boom (watch for samurai; if no samurai, turtle + boom)",,,,,,,
"japanese vs french",,,,,,,,,"Fast samurai, counter knights (watch for knights; if no knights, mass samurai + archers)",,,,,,,"Fast knights, harass eco (watch for samurai; if no samurai, fast castle + trade)",,,,,,
"japanese vs holy_roman_empire",,,,,,,,,"Fast samurai, shrine eco (watch for infantry rush; if no relics, mass samurai + siege)",,,,,,,,"Infantry rush, deny shrines (watch for samurai; if no samurai, boom + infantry)",,,,,
"japanese vs japanese",,,,,,,,,"Fast samurai, shrine eco (watch for samurai; if no samurai, mass samurai + siege)",,,,,,,,,"Fast samurai, shrine eco (watch for samurai; if no samurai, mass samurai + siege)",,,,
"japanese vs jeanne_darc",,,,,,,,,"Fast samurai, harass eco (watch for knights/conversions; if no knights, mass samurai + monks)",,,,,,,,,,"Fast knights, convert enemy units (watch for samurai; if no samurai, convert + boom)",,,
"japanese vs malians",,,,,,,,,"Fast samurai, deny cattle (watch for Musofadi; if no rush, mass samurai + siege)",,,,,,,,,,,"Rush Musofadi, cattle boom (watch for samurai; if no samurai, mass infantry + cattle)",,
"japanese vs mongols",,,,,,,,,"Fast samurai, deny trade (watch for Mangudai; if no Mangudai, mass samurai + cavalry)",,,,,,,,,,,,"Mangudai rush, secure trade (watch for samurai; if no samurai, trade + cavalry)",
"japanese vs order_of_the_dragon",,,,,,,,,"Fast samurai, counter knights (watch for knights/siege; if no knights, mass samurai + siege)",,,,,,,,,,,,,"Fast knights, siege tech (watch for samurai; if no samurai, siege + boom)",
"japanese vs ottomans",,,,,,,,,"Fast samurai, shrine eco (watch for horsemen/Janissaries; if no schools, mass samurai + siege)",,,,,,,,,,,,,,"Rush horsemen, Janissary tech (watch for samurai; if no samurai, fast castle + Janissaries)",
"japanese vs rus",,,,,,,,,"Fast samurai, harass hunters (watch for horse archers; if no archers, mass samurai + siege)",,,,,,,,,,,,,,,"Horse archer rush, hunt eco (watch for samurai; if no samurai, hunt + archers)",
"japanese vs zhu_xis_legacy",,,,,,,,,"Fast samurai, shrine eco (watch for cavalry rush; if no rush, mass samurai + archers)",,,,,,,,,,,,,,,,"Rush cavalry, dynasty boom (watch for samurai; if no samurai, dynasty + siege)"
"jeanne_darc vs abbasid_dynasty",,,,,,,,,,"Fast knights, convert enemy units (watch for camels; if no boom, convert + siege)","Rush camel archers, disrupt eco (watch for knights/conversions; if no knights, 2 TC + monks)",,,,,,,,,,,,,
"jeanne_darc vs ayyubids",,,,,,,,,,"Fast knights, convert enemy units (watch for horsemen; if no horsemen, convert + siege)",,"Rush horsemen, disrupt eco (watch for knights/conversions; if no knights, mass horsemen + monks)",,,,,,,,,,,,
"jeanne_darc vs byzantines",,,,,,,,,,"Fast knights, convert enemy units (watch for cavalry; if no cavalry, convert + siege)",,,"Rush cavalry, disrupt eco (watch for knights/conversions; if no knights, cavalry + monks)",,,,,,,,,,,
"jeanne_darc vs chinese",,,,,,,,,,"Fast knights, convert enemy units (watch for Nest of Bees; if no scouts, convert + siege)",,,,"Rush scouts, harass eco (watch for knights/conversions; if no knights, fast feudal + monks)",,,,,,,,,,
"jeanne_darc vs delhi_sultanate",,,,,,,,,,"Fast knights, counter elephants (watch for elephants; if no elephants, convert + siege)",,,,,"Fast feudal, elephant push (watch for knights/conversions; if no knights, fast castle + monks)",,,,,,,,
"jeanne_darc vs english",,,,,,,,,,"Fast knights, convert longbowmen (watch for longbowmen; if no longbows, convert + knights)",,,,,,"Longbowmen + towers, harass eco (watch for knights/conversions; if no knights, turtle + monks)",,,,,,,
"jeanne_darc vs french",,,,,,,,,,"Fast knights, convert knights (watch for knights; if no knights, convert + trade)",,,,,,,"Fast knights, trade boom (watch for knights/conversions; if no knights, fast castle + monks)",,,,,,
"jeanne_darc vs holy_roman_empire",,,,,,,,,,"Fast knights, convert infantry (watch for infantry rush; if no relics, convert + siege)",,,,,,,,"Infantry + boom, deny conversions (watch for knights/conversions; if no knights, boom + monks)",,,,,
"jeanne_darc vs japanese",,,,,,,,,,"Fast knights, convert samurai (watch for samurai; if no samurai, convert + siege)",,,,,,,,,"Fast samurai, harass eco (watch for knights/conversions; if no knights, mass samurai + monks)",,,,
"jeanne_darc vs jeanne_darc",,,,,,,,,,"Fast knights, convert enemy units (watch for knights/conversions; if no knights, convert + boom)",,,,,,,,,,"Fast knights, convert enemy units (watch for knights/conversions; if no knights, convert + boom)",,,
"jeanne_darc vs malians",,,,,,,,,,"Fast knights, deny cattle (watch for Musofadi; if no rush, convert + siege)",,,,,,,,,,,"Rush Musofadi, cattle boom (watch for knights/conversions; if no knights, mass infantry + monks)",,
"jeanne_darc vs mongols",,,,,,,,,,"Fast knights, convert Mangudai (watch for Mangudai; if no Mangudai, convert + cavalry)",,,,,,,,,,,,"Mangudai rush, secure trade (watch for knights/conversions; if no knights, trade + monks)",
"jeanne_darc vs order_of_the_dragon",,,,,,,,,,"Fast knights, convert knights (watch for knights/siege; if no knights, convert + siege)",,,,,,,,,,,,,"Fast knights, siege tech (watch for knights/conversions; if no knights, siege + monks)",
"jeanne_darc vs ottomans",,,,,,,,,,"Fast knights, convert horsemen (watch for horsemen/Janissaries; if no schools, convert + siege)",,,,,,,,,,,,,,"Rush horsemen, Janissary tech (watch for knights/conversions; if no knights, fast castle + monks)",
"jeanne_darc vs rus",,,,,,,,,,"Fast knights, harass hunters (watch for horse archers; if no archers, convert + siege)",,,,,,,,,,,,,,,"Horse archer rush, hunt eco (watch for knights/conversions; if no knights, hunt + monks)",
"jeanne_darc vs zhu_xis_legacy",,,,,,,,,,"Fast knights, convert cavalry (watch for cavalry rush; if no rush, convert + siege)",,,,,,,,,,,,,,,,"Rush cavalry, dynasty boom (watch for knights/conversions; if no knights, dynasty + monks)"
"malians vs abbasid_dynasty",,,,,,,,,,,"Rush Musofadi, cattle boom (watch for camels; if no boom, mass infantry + cattle)","2 TC boom, camel archers + spears (watch for Musofadi; if no rush, tech to castle)",,,,,,,,,,,,,
"malians vs ayyubids",,,,,,,,,,,"Rush Musofadi, cattle boom (watch for horsemen; if no horsemen, mass infantry + cattle)",,"Rush horsemen, kill cattle (watch for Musofadi; if no rush, mass horsemen + siege)",,,,,,,,,,,,
"malians vs byzantines",,,,,,,,,,,"Rush Musofadi, cattle boom (watch for cavalry; if no cavalry, mass infantry + cattle)",,,"Cistern boom, counter infantry (watch for Musofadi; if no rush, cavalry + siege)",,,,,,,,,,,
"malians vs chinese",,,,,,,,,,,"Rush Musofadi, cattle boom (watch for Nest of Bees; if no scouts, mass infantry + cattle)",,,,"Fast feudal, Nest of Bees + boom (watch for Musofadi; if no rush, fast feudal + siege)",,,,,,,,,,
"malians vs delhi_sultanate",,,,,,,,,,,"Rush Musofadi, counter elephants (watch for elephants; if no elephants, mass infantry + cattle)",,,,,"Elephant rush, deny cattle (watch for Musofadi; if no rush, fast castle + elephants)",,,,,,,,
"malians vs english",,,,,,,,,,,"Rush Musofadi, harass farms (watch for longbowmen; if no longbows, mass infantry + knights)",,,,,,"Mass longbowmen, deny cattle (watch for Musofadi; if no rush, turtle + boom)",,,,,,,
"malians vs french",,,,,,,,,,,"Rush Musofadi, counter knights (watch for knights; if no knights, mass infantry + cattle)",,,,,,,"Fast knights, deny cattle (watch for Musofadi; if no rush, fast castle + trade)",,,,,,
"malians vs holy_roman_empire",,,,,,,,,,,"Rush Musofadi, cattle boom (watch for infantry rush; if no relics, mass infantry + cattle)",,,,,,,,"Infantry rush, deny cattle (watch for Musofadi; if no rush, boom + infantry)",,,,,
"malians vs japanese",,,,,,,,,,,"Rush Musofadi, counter samurai (watch for samurai; if no samurai, mass infantry + cattle)",,,,,,,,,"Fast samurai, deny cattle (watch for Musofadi; if no rush, mass samurai + siege)",,,,
"malians vs jeanne_darc",,,,,,,,,,,"Rush Musofadi, harass eco (watch for knights/conversions; if no knights, mass infantry + monks)",,,,,,,,,,"Fast knights, deny cattle (watch for Musofadi; if no rush, convert + boom)",,,
"malians vs malians",,,,,,,,,,,"Rush Musofadi, cattle boom (watch for Musofadi; if no rush, mass infantry + cattle)",,,,,,,,,,,"Rush Musofadi, cattle boom (watch for Musofadi; if no rush, mass infantry + cattle)",,
"malians vs mongols",,,,,,,,,,,"Rush Musofadi, deny trade (watch for Mangudai; if no Mangudai, mass infantry + cavalry)",,,,,,,,,,,,"Mangudai rush, secure trade (watch for Musofadi; if no rush, trade + cavalry)",
"malians vs order_of_the_dragon",,,,,,,,,,,"Rush Musofadi, counter knights (watch for knights/siege; if no knights, mass infantry + siege)",,,,,,,,,,,,,"Fast knights, siege tech (watch for Musofadi; if no rush, siege + boom)",
"malians vs ottomans",,,,,,,,,,,"Rush Musofadi, cattle boom (watch for horsemen/Janissaries; if no schools, mass infantry + cattle)",,,,,,,,,,,,,,"Rush horsemen, deny cattle (watch for Musofadi; if no rush, fast castle + Janissaries)",
"malians vs rus",,,,,,,,,,,"Rush Musofadi, deny hunters (watch for horse archers; if no archers, mass infantry + cattle)",,,,,,,,,,,,,,,"Horse archer rush, hunt eco (watch for Musofadi; if no rush, hunt + archers)",
"malians vs zhu_xis_legacy",,,,,,,,,,,"Rush Musofadi, harass eco (watch for cavalry rush; if no rush, mass infantry + cattle)",,,,,,,,,,,,,,,,"Rush cavalry, dynasty boom (watch for Musofadi; if no rush, dynasty + siege)"
"mongols vs abbasid_dynasty",,,,,,,,,,,,"Mangudai rush, secure trade (watch for camels; if no boom, trade + cavalry)","Rush camel archers, deny trade (watch for Mangudai; if no Mangudai, 2 TC + cavalry)",,,,,,,,,,,,,
"mongols vs ayyubids",,,,,,,,,,,,"Mangudai rush, secure trade (watch for horsemen; if no horsemen, trade + cavalry)",,"Rush horsemen, deny trade (watch for Mangudai; if no Mangudai, mass horsemen + cavalry)",,,,,,,,,,,,
"mongols vs byzantines",,,,,,,,,,,,"Mangudai rush, secure trade (watch for cavalry; if no cavalry, trade + cavalry)",,,"Rush cavalry, deny trade (watch for Mangudai; if no Mangudai, cistern boom + cavalry)",,,,,,,,,,,
"mongols vs chinese",,,,,,,,,,,,"Mangudai rush, secure trade (watch for Nest of Bees; if no scouts, trade + cavalry)",,,,"Rush scouts, deny trade (watch for Mangudai; if no Mangudai, fast feudal + cavalry)",,,,,,,,,,
"mongols vs delhi_sultanate",,,,,,,,,,,,"Mangudai rush, counter elephants (watch for elephants; if no elephants, trade + cavalry)",,,,,"Fast feudal, elephants + archers (watch for Mangudai; if no Mangudai, fast castle + cavalry)",,,,,,,,
"mongols vs english",,,,,,,,,,,,"Mangudai rush, harass farms (watch for longbowmen; if no longbows, trade + knights)",,,,,,"Longbowmen + spears, deny trade (watch for Mangudai; if no Mangudai, turtle + cavalry)",,,,,,,
"mongols vs french",,,,,,,,,,,,"Mangudai rush, counter knights (watch for knights; if no knights, trade + cavalry)",,,,,,,"Fast knights, deny trade (watch for Mangudai; if no Mangudai, fast castle + cavalry)",,,,,,
"mongols vs holy_roman_empire",,,,,,,,,,,,"Mangudai rush, deny relics (watch for infantry rush; if no relics, trade + cavalry)",,,,,,,,"Infantry + spears, deny trade (watch for Mangudai; if no Mangudai, boom + cavalry)",,,,,
"mongols vs japanese",,,,,,,,,,,,"Mangudai rush, harass eco (watch for samurai; if no samurai, trade + cavalry)",,,,,,,,,"Fast samurai, deny trade (watch for Mangudai; if no Mangudai, mass samurai + cavalry)",,,,
"mongols vs jeanne_darc",,,,,,,,,,,,"Mangudai rush, harass eco (watch for knights/conversions; if no knights, trade + monks)",,,,,,,,,,"Fast knights, convert Mangudai (watch for Mangudai; if no Mangudai, convert + cavalry)",
"mongols vs malians",,,,,,,,,,,,"Mangudai rush, counter infantry (watch for Musofadi; if no rush, trade + cavalry)",,,,,,,,,,,"Rush Musofadi, deny trade (watch for Mangudai; if no Mangudai, mass infantry + cattle)",
"mongols vs mongols",,,,,,,,,,,,"Mangudai rush, secure trade (watch for Mangudai; if no Mangudai, trade + cavalry)",,,,,,,,,,,,"Mangudai rush, secure trade (watch for Mangudai; if no Mangudai, trade + cavalry)",
"mongols vs order_of_the_dragon",,,,,,,,,,,,"Mangudai rush, counter knights (watch for knights/siege; if no knights, trade + cavalry)",,,,,,,,,,,,,"Fast knights, siege tech (watch for Mangudai; if no Mangudai, siege + cavalry)",
"mongols vs ottomans",,,,,,,,,,,,"Mangudai rush, deny military schools (watch for horsemen/Janissaries; if no schools, trade + cavalry)",,,,,,,,,,,,,,"Rush horsemen, Janissary tech (watch for Mangudai; if no Mangudai, fast castle + cavalry)",
"mongols vs rus",,,,,,,,,,,,"Mangudai rush, counter archers (watch for horse archers; if no archers, trade + cavalry)",,,,,,,,,,,,,,,"Horse archer rush, hunt eco (watch for Mangudai; if no Mangudai, hunt + cavalry)",
"mongols vs zhu_xis_legacy",,,,,,,,,,,,"Mangudai rush, harass eco (watch for cavalry rush; if no rush, trade + cavalry)",,,,,,,,,,,,,,,,"Rush cavalry, dynasty boom (watch for Mangudai; if no Mangudai, dynasty + cavalry)"
"order_of_the_dragon vs abbasid_dynasty",,,,,,,,,,,,,"Fast knights, siege tech (watch for camels; if no boom, siege + knights)","Camel archers + spears, counter knights (watch for knights/siege; if no knights, 2 TC + siege)",,,,,,,,,,,,,
"order_of_the_dragon vs ayyubids",,,,,,,,,,,,,"Fast knights, siege tech (watch for horsemen; if no horsemen, siege + knights)",,"Rush horsemen, counter knights (watch for knights/siege; if no knights, mass horsemen + siege)",,,,,,,,,,,,
"order_of_the_dragon vs byzantines",,,,,,,,,,,,,"Fast knights, siege tech (watch for cavalry; if no cavalry, siege + knights)",,,"Rush cavalry, counter knights (watch for knights/siege; if no knights, cistern boom + siege)",,,,,,,,,,,
"order_of_the_dragon vs chinese",,,,,,,,,,,,,"Fast knights, siege tech (watch for Nest of Bees; if no scouts, siege + knights)",,,,"Fast feudal, Nest of Bees + spears (watch for knights/siege; if no knights, fast feudal + siege)",,,,,,,,,,
"order_of_the_dragon vs delhi_sultanate",,,,,,,,,,,,,"Fast knights, siege + spears (watch for elephants; if no elephants, siege + knights)",,,,,"Elephant rush, counter knights (watch for knights/siege; if no knights, fast castle + siege)",,,,,,,,
"order_of_the_dragon vs english",,,,,,,,,,,,,"Fast knights, siege harass (watch for longbowmen; if no longbows, siege + knights)",,,,,,"Longbowmen + spears, turtle (watch for knights/siege; if no knights, turtle + siege)",,,,,,,
"order_of_the_dragon vs french",,,,,,,,,,,,,"Fast knights, trade + spears (watch for knights; if no knights, siege + trade)",,,,,,,"Fast knights, trade boom (watch for knights/siege; if no knights, fast castle + trade)",,,,,,
"order_of_the_dragon vs holy_roman_empire",,,,,,,,,,,,,"Fast knights, deny relics (watch for infantry rush; if no relics, siege + knights)",,,,,,,,"Infantry + spears, counter knights (watch for knights/siege; if no knights, boom + siege)",,,,,
"order_of_the_dragon vs japanese",,,,,,,,,,,,,"Fast knights, siege tech (watch for samurai; if no samurai, siege + knights)",,,,,,,,,"Fast samurai, counter knights (watch for knights/siege; if no knights, mass samurai + siege)",,,,
"order_of_the_dragon vs jeanne_darc",,,,,,,,,,,,,"Fast knights, siege + boom (watch for knights/conversions; if no knights, siege + monks)",,,,,,,,,,"Fast knights, convert knights (watch for knights/siege; if no knights, convert + boom)",
"order_of_the_dragon vs malians",,,,,,,,,,,,,"Fast knights, deny cattle (watch for Musofadi; if no rush, siege + knights)",,,,,,,,,,,"Rush Musofadi, counter knights (watch for knights/siege; if no knights, mass infantry + cattle)",
"order_of_the_dragon vs mongols",,,,,,,,,,,,,"Fast knights, siege tech (watch for Mangudai; if no Mangudai, siege + knights)",,,,,,,,,,,,"Mangudai rush, counter knights (watch for knights/siege; if no knights, trade + cavalry)",
"order_of_the_dragon vs order_of_the_dragon",,,,,,,,,,,,,"Fast knights, siege tech (watch for knights/siege; if no knights, siege + boom)",,,,,,,,,,,,,"Fast knights, siege tech (watch for knights/siege; if no knights, siege + boom)",
"order_of_the_dragon vs ottomans",,,,,,,,,,,,,"Fast knights, counter horsemen (watch for horsemen/Janissaries; if no schools, siege + knights)",,,,,,,,,,,,,,"Rush horsemen, Janissary tech (watch for knights/siege; if no knights, fast castle + Janissaries)",
"order_of_the_dragon vs rus",,,,,,,,,,,,,"Fast knights, siege + boom (watch for horse archers; if no archers, siege + knights)",,,,,,,,,,,,,,,"Horse archer rush, hunt eco (watch for knights/siege; if no knights, hunt + archers)",
"order_of_the_dragon vs zhu_xis_legacy",,,,,,,,,,,,,"Fast knights, siege tech (watch for cavalry rush; if no rush, siege + knights)",,,,,,,,,,,,,,,,"Rush cavalry, dynasty boom (watch for knights/siege; if no knights, dynasty + siege)"
"ottomans vs abbasid_dynasty",,,,,,,,,,,,,,"Rush horsemen, Janissary tech (watch for camels; if no boom, fast castle + Janissaries)","Rush camel archers, deny military schools (watch for horsemen/Janissaries; if no schools, 2 TC + siege)",,,,,,,,,,,,,
"ottomans vs ayyubids",,,,,,,,,,,,,,"Rush horsemen, Janissary tech (watch for horsemen; if no horsemen, fast castle + Janissaries)",,"Rush horsemen, deny military schools (watch for horsemen/Janissaries; if no schools, mass horsemen + siege)",,,,,,,,,,,,
"ottomans vs byzantines",,,,,,,,,,,,,,"Rush horsemen, Janissary tech (watch for cavalry; if no cavalry, fast castle + Janissaries)",,,"Rush cavalry, deny military schools (watch for horsemen/Janissaries; if no schools, cavalry + siege)",,,,,,,,,,,
"ottomans vs chinese",,,,,,,,,,,,,,"Rush horsemen, Janissary tech (watch for Nest of Bees; if no scouts, fast castle + Janissaries)",,,,"Rush scouts, deny military schools (watch for horsemen/Janissaries; if no schools, fast feudal + siege)",,,,,,,,,,
"ottomans vs delhi_sultanate",,,,,,,,,,,,,,"Rush horsemen, counter elephants (watch for elephants; if no elephants, fast castle + Janissaries)",,,,,"Fast feudal, elephants + spears (watch for horsemen/Janissaries; if no schools, fast castle)",,,,,,,,
"ottomans vs english",,,,,,,,,,,,,,"Rush horsemen, Janissary rush (watch for longbowmen; if no longbows, fast castle + Janissaries)",,,,,,"Mass longbowmen, turtle + boom (watch for horsemen/Janissaries; if no schools, longbows + knights)",
"ottomans vs french",,,,,,,,,,,,,,"Rush horsemen, Janissary tech (watch for knights; if no knights, fast castle + Janissaries)",,,,,,,"Fast knights, counter horsemen (watch for horsemen/Janissaries; if no schools, fast castle + trade)",
"ottomans vs holy_roman_empire",,,,,,,,,,,,,,"Rush horsemen, Janissary tech (watch for infantry rush; if no relics, fast castle + Janissaries)",,,,,,,,"Infantry rush, deny military schools (watch for horsemen/Janissaries; if no schools, boom + infantry)",
"ottomans vs japanese",,,,,,,,,,,,,,"Rush horsemen, Janissary rush (watch for samurai; if no samurai, fast castle + Janissaries)",,,,,,,,,"Fast samurai, shrine eco (watch for horsemen/Janissaries; if no schools, mass samurai + siege)",
"ottomans vs jeanne_darc",,,,,,,,,,,,,,"Rush horsemen, Janissary tech (watch for knights/conversions; if no knights, fast castle + monks)",,,,,,,,,,"Fast knights, convert horsemen (watch for horsemen/Janissaries; if no schools, convert + boom)",
"ottomans vs malians",,,,,,,,,,,,,,"Rush horsemen, deny cattle (watch for Musofadi; if no rush, fast castle + Janissaries)",,,,,,,,,,,"Rush Musofadi, cattle boom (watch for horsemen/Janissaries; if no schools, mass infantry + cattle)",
"ottomans vs mongols",,,,,,,,,,,,,,"Rush horsemen, Janissary tech (watch for Mangudai; if no Mangudai, fast castle + Janissaries)",,,,,,,,,,,,"Mangudai rush, deny military schools (watch for horsemen/Janissaries; if no schools, trade + cavalry)",
"ottomans vs order_of_the_dragon",,,,,,,,,,,,,,"Rush horsemen, Janissary tech (watch for knights/siege; if no knights, fast castle + Janissaries)",,,,,,,,,,,,,"Fast knights, counter horsemen (watch for horsemen/Janissaries; if no schools, siege + boom)",
"ottomans vs ottomans",,,,,,,,,,,,,,"Rush horsemen, Janissary tech (watch for horsemen/Janissaries; if no schools, fast castle + Janissaries)",,,,,,,,,,,,,,"Rush horsemen, Janissary tech (watch for horsemen/Janissaries; if no schools, fast castle + Janissaries)",
"ottomans vs rus",,,,,,,,,,,,,,"Rush horsemen, Janissary rush (watch for horse archers; if no archers, fast castle + Janissaries)",,,,,,,,,,,,,,,"Horse archer rush, hunt eco (watch for horsemen/Janissaries; if no schools, hunt + archers)",
"ottomans vs zhu_xis_legacy",,,,,,,,,,,,,,"Rush horsemen, Janissary tech (watch for cavalry rush; if no rush, fast castle + Janissaries)",,,,,,,,,,,,,,,,"Rush cavalry, dynasty boom (watch for horsemen/Janissaries; if no schools, dynasty + siege)"
"rus vs abbasid_dynasty",,,,,,,,,,,,,,,"Horse archer rush, hunt eco (watch for camels; if no boom, hunt + archers)","2 TC boom, camels to counter horse archers (watch for horse archers; if no archers, rush camels + siege)",,,,,,,,,,,,,
"rus vs ayyubids",,,,,,,,,,,,,,,"Horse archer rush, hunt eco (watch for horsemen; if no horsemen, hunt + archers)",,"Rush horsemen, kill hunters (watch for horse archers; if no archers, mass horsemen + siege)",,,,,,,,,,,,
"rus vs byzantines",,,,,,,,,,,,,,,"Horse archer rush, hunt eco (watch for cavalry; if no cavalry, hunt + archers)",,,"Cistern boom, counter archers (watch for horse archers; if no archers, cavalry + siege)",,,,,,,,,,,
"rus vs chinese",,,,,,,,,,,,,,,"Horse archer rush, hunt eco (watch for Nest of Bees; if no scouts, hunt + archers)",,,,"Fast feudal, Nest of Bees + boom (watch for horse archers; if no archers, fast feudal + siege)",,,,,,,,,,
"rus vs delhi_sultanate",,,,,,,,,,,,,,,"Horse archer rush, counter elephants (watch for elephants; if no elephants, hunt + archers)",,,,,"Elephant rush, deny hunters (watch for horse archers; if no archers, fast castle + elephants)",,,,,,,,
"rus vs english",,,,,,,,,,,,,,,"Horse archer rush, harass farms (watch for longbowmen; if no longbows, hunt + knights)",,,,,,"Longbowmen + towers, deny hunters (watch for horse archers; if no archers, turtle + boom)",,,,,,,
"rus vs french",,,,,,,,,,,,,,,"Horse archer rush, counter knights (watch for knights; if no knights, hunt + archers)",,,,,,,"Fast knights, harass hunters (watch for horse archers; if no archers, fast castle + trade)",,,,,,
"rus vs holy_roman_empire",,,,,,,,,,,,,,,"Horse archer rush, deny relics (watch for infantry rush; if no relics, hunt + archers)",,,,,,,,"Infantry + boom, counter archers (watch for horse archers; if no archers, boom + infantry)",,,,,
"rus vs japanese",,,,,,,,,,,,,,,"Horse archer rush, hunt eco (watch for samurai; if no samurai, hunt + archers)",,,,,,,,,"Fast samurai, harass hunters (watch for horse archers; if no archers, mass samurai + siege)",,,,
"rus vs jeanne_darc",,,,,,,,,,,,,,,"Horse archer rush, harass eco (watch for knights/conversions; if no knights, hunt + monks)",,,,,,,,,,"Fast knights, harass hunters (watch for horse archers; if no archers, convert + boom)",,,
"rus vs malians",,,,,,,,,,,,,,,"Horse archer rush, hunt eco (watch for Musofadi; if no rush, hunt + archers)",,,,,,,,,,,"Rush Musofadi, deny hunters (watch for horse archers; if no archers, mass infantry + cattle)",,
"rus vs mongols",,,,,,,,,,,,,,,"Horse archer rush, deny trade (watch for Mangudai; if no Mangudai, hunt + cavalry)",,,,,,,,,,,,"Mangudai rush, counter archers (watch for horse archers; if no archers, trade + cavalry)",
"rus vs order_of_the_dragon",,,,,,,,,,,,,,,"Horse archer rush, counter knights (watch for knights/siege; if no knights, hunt + archers)",,,,,,,,,,,,,"Fast knights, siege + boom (watch for horse archers; if no archers, siege + boom)",
"rus vs ottomans",,,,,,,,,,,,,,,"Horse archer rush, deny military schools (watch for horsemen/Janissaries; if no schools, hunt + archers)",,,,,,,,,,,,,,"Rush horsemen, Janissary rush (watch for horse archers; if no archers, fast castle + Janissaries)",
"rus vs rus",,,,,,,,,,,,,,,"Horse archer rush, hunt eco (watch for horse archers; if no archers, hunt + archers)",,,,,,,,,,,,,,,"Horse archer rush, hunt eco (watch for horse archers; if no archers, hunt + archers)",
"rus vs zhu_xis_legacy",,,,,,,,,,,,,,,"Horse archer rush, harass eco (watch for cavalry rush; if no rush, hunt + archers)",,,,,,,,,,,,,,,,"Rush cavalry, counter archers (watch for horse archers; if no archers, dynasty + siege)"
"zhu_xis_legacy vs abbasid_dynasty",,,,,,,,,,,,,,,,"Rush cavalry, dynasty boom (watch for camels; if no boom, dynasty + siege)","Fast feudal, camel archers + boom (watch for cavalry rush; if no rush, 2 TC + spears)",,,,,,,,,,,,,
"zhu_xis_legacy vs ayyubids",,,,,,,,,,,,,,,,"Rush cavalry, dynasty boom (watch for horsemen; if no horsemen, dynasty + siege)",,"Rush horsemen, harass eco (watch for cavalry rush; if no rush, mass horsemen + archers)",,,,,,,,,,,,
"zhu_xis_legacy vs byzantines",,,,,,,,,,,,,,,,"Rush cavalry, dynasty boom (watch for cavalry; if no cavalry, dynasty + siege)",,,"Rush cavalry, harass eco (watch for cavalry rush; if no rush, cistern boom + archers)",,,,,,,,,,,
"zhu_xis_legacy vs chinese",,,,,,,,,,,,,,,,"Rush cavalry, dynasty boom (watch for Nest of Bees; if no scouts, dynasty + siege)",,,,"Rush scouts, harass eco (watch for cavalry rush; if no rush, fast feudal + archers)",,,,,,,,,,
"zhu_xis_legacy vs delhi_sultanate",,,,,,,,,,,,,,,,"Rush cavalry, counter elephants (watch for elephants; if no elephants, dynasty + siege)",,,,,"Fast feudal, elephant push (watch for cavalry rush; if no rush, fast castle + elephants)",,,,,,,,
"zhu_xis_legacy vs english",,,,,,,,,,,,,,,,"Rush cavalry, dynasty boom (watch for longbowmen; if no longbows, dynasty + knights)",,,,,,"Mass longbowmen, harass eco (watch for cavalry rush; if no rush, turtle + boom)",,,,,,,
"zhu_xis_legacy vs french",,,,,,,,,,,,,,,,"Rush cavalry, deny trade (watch for knights; if no knights, dynasty + siege)",,,,,,,"Fast knights, trade boom (watch for cavalry rush; if no rush, fast castle + trade)",,,,,,
"zhu_xis_legacy vs holy_roman_empire",,,,,,,,,,,,,,,,"Rush cavalry, deny relics (watch for infantry rush; if no relics, dynasty + siege)",,,,,,,,"Infantry rush, harass eco (watch for cavalry rush; if no rush, boom + infantry)",,,,,
"zhu_xis_legacy vs japanese",,,,,,,,,,,,,,,,"Rush cavalry, dynasty boom (watch for samurai; if no samurai, dynasty + siege)",,,,,,,,,"Fast samurai, shrine eco (watch for cavalry rush; if no rush, mass samurai + siege)",,,,
"zhu_xis_legacy vs jeanne_darc",,,,,,,,,,,,,,,,"Rush cavalry, harass eco (watch for knights/conversions; if no knights, dynasty + monks)",,,,,,,,,,"Fast knights, convert cavalry (watch for cavalry rush; if no rush, convert + boom)",,,
"zhu_xis_legacy vs malians",,,,,,,,,,,,,,,,"Rush cavalry, deny cattle (watch for Musofadi; if no rush, dynasty + siege)",,,,,,,,,,,"Rush Musofadi, harass eco (watch for cavalry rush; if no rush, mass infantry + cattle)",,
"zhu_xis_legacy vs mongols",,,,,,,,,,,,,,,,"Rush cavalry, deny trade (watch for Mangudai; if no Mangudai, dynasty + cavalry)",,,,,,,,,,,,"Mangudai rush, harass eco (watch for cavalry rush; if no rush, trade + cavalry)",
"zhu_xis_legacy vs order_of_the_dragon",,,,,,,,,,,,,,,,"Rush cavalry, counter knights (watch for knights/siege; if no knights, dynasty + siege)",,,,,,,,,,,,,"Fast knights, siege tech (watch for cavalry rush; if no rush, siege + boom)",
"zhu_xis_legacy vs ottomans",,,,,,,,,,,,,,,,"Rush cavalry, dynasty boom (watch for horsemen/Janissaries; if no schools, dynasty + siege)",,,,,,,,,,,,,,"Rush horsemen, Janissary tech (watch for cavalry rush; if no rush, fast castle + Janissaries)",
"zhu_xis_legacy vs rus",,,,,,,,,,,,,,,,"Rush cavalry, counter archers (watch for horse archers; if no archers, dynasty + siege)",,,,,,,,,,,,,,,"Horse archer rush, harass eco (watch for cavalry rush; if no rush, hunt + archers)",
"zhu_xis_legacy vs zhu_xis_legacy",,,,,,,,,,,,,,,,"Rush cavalry, dynasty boom (watch for cavalry rush; if no rush, dynasty + siege)",,,,,,,,,,,,,,,,"Rush cavalry, dynasty boom (watch for cavalry rush; if no rush, dynasty + siege)"